ad_last_update,air_conditioner,balcony,bath_num,built_in_wardrobe,chimney,construct_date,energetic_certif,floor,garage,garden,house_id,house_type,lift,loc_city,loc_district,loc_full,loc_neigh,loc_zone,m2_real,m2_useful,obtention_date,price,reduced_mobility,room_num,storage_room,swimming_pool,terrace,condition_promoción de obra nueva,condition_segunda mano/buen estado,condition_segunda mano/para reformar,heating_calefacción central,heating_calefacción central: gas,heating_calefacción central: gasoil,heating_calefacción individual,heating_calefacción individual: bomba de frío/calor,heating_calefacción individual: eléctrica,heating_calefacción individual: gas natural,heating_calefacción individual: gas propano/butano,heating_no dispone de calefacción,orientation_este,"orientation_este, oeste",orientation_norte,"orientation_norte, este","orientation_norte, este, oeste","orientation_norte, oeste","orientation_norte, sur","orientation_norte, sur, este","orientation_norte, sur, este, oeste","orientation_norte, sur, oeste",orientation_oeste,orientation_sur,"orientation_sur, este","orientation_sur, este, oeste","orientation_sur, oeste"
Anuncio actualizado el 29 de marzo,0,0,1.0,0,0,1965.0,no indicado,planta 5ª exterior,0,0,84861203,15,1.0,Vitoria-Gasteiz,Distrito Aranzabela - Aranbizkarra," extremadura , Distrito Aranzabela - Aranbizkarra , Vitoria-Gasteiz , Álava ",extremadura,Álava,95,90.0,2019-03-29,750,0,3.0,0,0,0,False,True,False,False,False,False,True,False,False,False,False,False,False,False,False,True,False,False,False,False,False,False,False,False,False,False,False
más de 2 meses sin actualizar,0,1,1.0,0,0,1993.0,,planta 1ª exterior,0,0,83306410,15,1.0,Vitoria-Gasteiz,Distrito Adurtza," Calle Heraclio Fournier, 33 , Distrito Adurtza , Vitoria-Gasteiz , Álava ","Calle Heraclio Fournier, 33",Álava,89,80.0,2019-03-29,750,0,3.0,0,0,0,False,True,False,False,False,False,False,False,False,False,False,False,False,False,False,False,False,False,False,False,False,False,True,False,False,False,False
más de 2 meses sin actualizar,0,0,2.0,0,0,1993.0,no indicado,planta 1ª exterior,0,0,83537586,15,1.0,Vitoria-Gasteiz,Distrito Lovaina - Aranzabal," Avenida Gasteiz, 50 , Distrito Lovaina - Aranzabal , Vitoria-Gasteiz , Álava ","Avenida Gasteiz, 50",Álava,120,87.0,2019-03-29,1000,0,4.0,0,0,1,False,True,False,False,False,False,False,False,False,False,False,False,False,False,False,False,False,False,False,False,False,False,False,False,False,False,False
más de 2 meses sin actualizar,0,0,2.0,0,0,1993.0,no indicado,planta 1ª exterior,0,0,26011638,15,0.0,Labastida,"Calle Marrate, 2"," Calle Marrate, 2 , Labastida , Laguardia-Rioja Alavesa, Álava ",,"Laguardia-Rioja Alavesa, Álava",120,101.0,2019-03-29,1200,0,3.0,0,0,0,False,True,False,False,False,False,False,False,False,False,False,False,False,False,False,False,False,False,False,False,False,False,False,True,False,False,False
Anuncio actualizado el 21 de marzo,0,0,1.0,0,0,1993.0,no indicado,bajo exterior,0,0,83624854,15,1.0,Vitoria-Gasteiz,Distrito Armentia - Ciudad Jardín," Calle Maite Zuñiga, 2 , Distrito Armentia - Ciudad Jardín , Vitoria-Gasteiz , Álava ","Calle Maite Zuñiga, 2",Álava,52,87.0,2019-03-29,700,0,2.0,0,0,0,False,True,False,False,False,False,False,False,False,False,False,False,False,False,False,False,False,False,False,False,False,False,False,False,False,False,False
Anuncio actualizado el 4 de febrero,0,0,1.0,0,0,1993.0,no indicado,planta 1ª exterior,0,0,84139748,15,0.0,Okondo,"Jandiola Entitatea, 16"," Jandiola Entitatea, 16 , Okondo , Ayala, Álava ",,"Ayala, Álava",80,87.0,2019-03-29,550,0,3.0,0,0,0,False,True,False,False,False,False,False,False,False,False,False,False,False,False,False,False,False,False,False,False,False,False,False,False,False,False,False
Anuncio actualizado el 31 de enero,0,1,5.0,1,0,1993.0,,4 plantas,1,1,84100618,16,1.0,Villabuena de Álava,"Calle Viura, 1"," Calle Viura, 1 , Villabuena de Álava , Laguardia-Rioja Alavesa, Álava ",,"Laguardia-Rioja Alavesa, Álava",360,300.0,2019-03-29,1500,1,4.0,1,1,1,False,True,False,False,False,False,False,False,False,True,False,False,False,False,False,False,False,False,False,False,False,False,False,True,False,False,False
Anuncio actualizado el 21 de marzo,0,0,1.0,0,0,1993.0,,bajo exterior,0,0,84737072,15,1.0,Vitoria-Gasteiz,Distrito Zabalgana - Ariznabarra," Gaztelako Atea, 54 , Distrito Zabalgana - Ariznabarra , Vitoria-Gasteiz , Álava ","Gaztelako Atea, 54",Álava,42,41.0,2019-03-29,650,0,1.0,0,0,0,False,True,False,False,False,False,False,False,False,False,False,False,False,False,False,False,False,False,False,False,False,False,False,True,False,False,False
Anuncio actualizado el 12 de febrero,0,0,2.0,1,0,1993.0,en trámite,planta 6ª exterior,0,0,84248636,15,1.0,Vitoria-Gasteiz,Distrito Lakua," Calle Damaso Alonso, 1 , Urb. Estacion , Distrito Lakua , Vitoria-Gasteiz , Álava ",Urb. Estacion,Álava,80,87.0,2019-03-29,800,0,2.0,1,0,1,False,True,False,False,False,False,False,False,False,False,False,False,False,False,False,False,False,False,False,False,False,False,False,True,False,False,False
Anuncio actualizado el 15 de marzo,0,0,2.0,0,0,1993.0,en trámite,planta 2ª,0,0,84684858,15,1.0,Iruña de Oca,Plaza Rita Oraá," Plaza Rita Oraá , Iruña de Oca , Añana, Álava ",,"Añana, Álava",90,87.0,2019-03-29,650,0,3.0,0,0,1,False,True,False,False,False,False,True,False,False,False,False,False,False,False,False,False,False,False,False,False,False,False,False,False,False,False,False
Anuncio actualizado el 11 de marzo,0,0,2.0,1,0,1993.0,en trámite,planta 8ª exterior,1,0,84393334,15,1.0,Vitoria-Gasteiz,Distrito San Martín," Avenida Gasteiz, Vitoria-Gasteiz , Distrito San Martín , Vitoria-Gasteiz , Álava ","Avenida Gasteiz, Vitoria-Gasteiz",Álava,100,94.0,2019-03-29,1150,0,3.0,1,0,1,False,True,False,False,False,False,True,False,False,False,False,False,False,False,False,False,False,False,False,False,False,False,False,True,False,False,False
Anuncio actualizado el 25 de marzo,0,0,2.0,0,0,1993.0,no indicado,planta 4ª exterior,0,0,84761675,17,1.0,Vitoria-Gasteiz,Distrito Centro," Calle Florida, 15 , Distrito Centro , Vitoria-Gasteiz , Álava ","Calle Florida, 15",Álava,75,68.0,2019-03-29,840,0,2.0,0,0,0,False,True,False,False,False,False,False,False,False,False,False,False,False,False,False,False,False,False,False,False,False,False,False,True,False,False,False
Anuncio actualizado el 24 de marzo,0,0,2.0,0,0,1993.0,no indicado,planta 3ª exterior,0,0,84792816,15,1.0,Vitoria-Gasteiz,Distrito Casco Viejo," Casco Viejo, 1 , Distrito Casco Viejo , Vitoria-Gasteiz , Álava ","Casco Viejo, 1",Álava,80,87.0,2019-03-29,750,0,3.0,0,0,0,False,True,False,False,False,False,False,False,False,False,False,False,False,False,True,False,False,False,False,False,False,False,False,False,False,False,False
Anuncio actualizado el 5 de octubre,0,0,5.0,0,0,2015.0,no indicado,3 plantas,1,1,26328217,18,1.0,Ribera Baja,," , Ribera Baja , Añana, Álava ",,"Añana, Álava",255,210.0,2019-03-29,800,0,4.0,0,0,1,False,True,False,False,False,False,False,False,False,True,False,False,False,False,False,False,False,False,False,False,False,False,False,False,False,False,False
Anuncio actualizado el 12 de marzo,0,0,2.0,0,0,1993.0,,bajo exterior,0,0,82778702,15,1.0,Artziniega,"Calle Eguzkimendi Urbanizazioa, 4"," Calle Eguzkimendi Urbanizazioa, 4 , Artziniega , Ayala, Álava ",,"Ayala, Álava",85,87.0,2019-03-29,650,0,3.0,0,0,0,False,True,False,False,False,False,False,False,False,False,False,False,False,False,False,False,False,False,False,False,False,False,False,False,False,False,False
Anuncio actualizado el 29 de marzo,0,0,2.0,1,0,1993.0,no indicado,planta 4ª exterior,1,1,84815196,15,1.0,Vitoria-Gasteiz,Distrito Zabalgana - Ariznabarra," Sofia Erreginaren Hiribidea, 35 , Distrito Zabalgana - Ariznabarra , Vitoria-Gasteiz , Álava ","Sofia Erreginaren Hiribidea, 35",Álava,120,105.0,2019-03-29,900,0,3.0,0,0,1,False,True,False,False,False,False,False,False,False,False,False,False,False,False,False,False,False,False,False,False,False,False,True,False,False,False,False
Anuncio actualizado el 17 de marzo,0,0,4.0,1,0,1993.0,no indicado,planta 1ª exterior,1,1,34022210,15,0.0,Vitoria-Gasteiz,Distrito Armentia - Ciudad Jardín," Calle antonia maria de oviedo, 24 -1º IZQ , Distrito Armentia - Ciudad Jardín , Vitoria-Gasteiz , Álava ","Calle antonia maria de oviedo, 24 -1º IZQ",Álava,240,220.0,2019-03-29,3000,0,4.0,1,0,1,False,True,False,False,False,False,False,False,False,False,False,False,False,False,False,False,False,False,False,False,False,False,False,False,False,True,False
Anuncio actualizado el 26 de noviembre,0,0,2.0,0,0,1993.0,en trámite,planta 2ª exterior,0,1,38073212,15,1.0,Artziniega,," , Artziniega , Ayala, Álava ",,"Ayala, Álava",97,90.0,2019-03-29,650,0,3.0,0,1,1,False,True,False,False,False,False,False,False,False,False,False,False,False,False,False,False,False,False,False,False,False,False,False,True,False,False,False
Anuncio actualizado el 17 de marzo,0,0,1.0,1,0,1993.0,en trámite,planta 4ª exterior,0,0,81963904,15,1.0,Artziniega,"arenatza auzoa, 2"," arenatza auzoa, 2 , Artziniega , Ayala, Álava ",,"Ayala, Álava",64,87.0,2019-03-29,525,0,3.0,0,0,0,False,True,False,False,False,False,False,False,False,False,False,False,False,False,False,False,False,False,False,False,False,False,False,False,False,False,False
Anuncio actualizado el 13 de febrero,0,0,2.0,1,0,1993.0,no indicado,2 plantas,1,0,27519479,18,1.0,Vitoria-Gasteiz,Distrito Betoño - Abetxuko," Calle los Tilos Kalea, 53 , Urb. Abetxuko , Distrito Betoño - Abetxuko , Vitoria-Gasteiz , Álava ",Urb. Abetxuko,Álava,120,100.0,2019-03-29,950,0,4.0,0,0,0,False,True,False,False,False,False,False,False,False,False,False,False,False,False,False,False,False,False,False,False,False,False,False,False,False,False,False
Anuncio actualizado el 21 de diciembre,0,0,3.0,0,0,2007.0,no indicado,,1,1,83553169,18,1.0,Iruña de Oca,," , Iruña de Oca , Añana, Álava ",,"Añana, Álava",200,132.0,2019-03-29,950,0,3.0,1,0,1,False,True,False,False,False,False,False,False,False,False,False,False,False,False,False,False,False,False,False,False,False,False,True,False,False,False,False
Anuncio actualizado el 27 de marzo,0,0,2.0,1,0,1993.0,en trámite,,0,0,84264417,15,1.0,Vitoria-Gasteiz,Distrito Lakua," , Distrito Lakua , Vitoria-Gasteiz , Álava ",,Álava,85,80.0,2019-03-29,800,0,2.0,0,0,0,False,False,False,False,False,False,False,False,False,False,False,False,False,False,False,False,False,False,False,False,False,False,False,False,True,False,False
Anuncio actualizado el 2 de marzo,0,0,2.0,0,0,1985.0,no indicado,planta 6ª,0,0,84405903,15,1.0,Vitoria-Gasteiz,Distrito Judimendi - Sta.Lucía," , Distrito Judimendi - Sta.Lucía , Vitoria-Gasteiz , Álava ",,Álava,90,87.0,2019-03-29,750,0,3.0,1,0,1,False,True,False,False,False,False,False,False,False,False,False,False,False,False,False,False,False,False,True,False,False,False,False,False,False,False,False
Anuncio actualizado el 27 de marzo,0,0,1.0,1,0,1993.0,en trámite,,0,0,84645640,15,1.0,Vitoria-Gasteiz,Distrito Centro," , Distrito Centro , Vitoria-Gasteiz , Álava ",,Álava,43,39.0,2019-03-29,650,0,1.0,1,0,0,False,False,False,False,False,False,False,False,False,False,False,False,False,False,False,False,False,False,False,False,False,False,False,False,False,False,False
Anuncio actualizado el 24 de marzo,0,0,2.0,0,0,1993.0,no indicado,2 plantas,0,1,84132978,18,1.0,Bernedo,"Calle el Cristo, 62"," Calle el Cristo, 62 , Bernedo , Campezo- Montaña Alavesa, Álava ",,"Campezo- Montaña Alavesa, Álava",100,110.0,2019-03-29,550,0,3.0,1,0,0,False,True,False,False,False,False,False,False,False,False,False,False,False,False,True,False,False,False,False,False,False,False,False,False,False,False,False
Anuncio actualizado el 26 de febrero,1,0,3.0,1,0,1993.0,no indicado,planta 5ª exterior,1,0,38150934,17,1.0,Vitoria-Gasteiz,Distrito Centro," Senda Ibilbidea, 5 , Distrito Centro , Vitoria-Gasteiz , Álava ","Senda Ibilbidea, 5",Álava,200,130.0,2019-03-29,1800,0,3.0,1,0,1,False,True,False,False,False,False,False,False,False,False,False,False,False,False,False,False,False,False,False,False,False,False,False,False,False,False,False
Anuncio actualizado el 11 de marzo,0,0,2.0,1,0,1993.0,no indicado,planta 5ª exterior,0,0,26699231,15,1.0,Vitoria-Gasteiz,Distrito Centro," Calle Olaguibel, 12 , Distrito Centro , Vitoria-Gasteiz , Álava ","Calle Olaguibel, 12",Álava,120,87.0,2019-03-29,1500,0,4.0,0,0,0,False,True,False,False,False,False,False,False,False,False,False,False,False,False,False,False,False,False,False,False,False,False,False,True,False,False,False
Anuncio actualizado el 19 de febrero,0,1,2.0,0,0,1993.0,no indicado,2 plantas,1,1,83209099,18,1.0,Barrundia,"Uria, 26"," Uria, 26 , Barrundia , Salvatierra, Álava ",,"Salvatierra, Álava",1000,87.0,2019-03-29,950,0,3.0,1,0,1,False,True,False,False,False,False,True,False,False,False,False,False,False,False,False,False,False,False,False,True,False,False,False,False,False,False,False
Anuncio actualizado el 24 de marzo,0,0,1.0,0,0,1993.0,no indicado,planta 1ª exterior,0,0,30284677,19,0.0,Ribera Alta,"Axkoeta, 10"," Axkoeta, 10 , Ribera Alta , Añana, Álava ",,"Añana, Álava",50,87.0,2019-03-29,350,0,0.0,0,0,0,False,True,False,False,False,False,False,False,False,False,False,False,False,False,False,False,False,False,False,False,False,False,False,False,False,False,False
Anuncio actualizado el 25 de marzo,0,0,1.0,1,0,1993.0,en trámite,bajo exterior,0,0,84412074,15,1.0,Llodio,"Calle Ugarte, 19"," Calle Ugarte, 19 , Llodio , Ayala, Álava ",,"Ayala, Álava",52,87.0,2019-03-29,520,0,1.0,0,0,0,False,True,False,False,False,False,False,False,False,False,False,False,False,False,False,False,False,False,False,False,False,False,False,False,False,False,False
Anuncio actualizado el 12 de marzo,0,0,1.0,1,0,1993.0,,planta 8ª exterior,0,0,33447720,15,1.0,Vitoria-Gasteiz,Distrito Centro," Calle bake, 10 , Distrito Centro , Vitoria-Gasteiz , Álava ","Calle bake, 10",Álava,43,39.0,2019-03-29,650,0,1.0,1,0,0,False,True,False,False,False,False,False,False,True,False,False,False,False,False,False,False,False,False,False,False,False,False,True,False,False,False,False
Anuncio actualizado el 28 de marzo,0,0,2.0,1,0,1993.0,,planta 4ª exterior,0,0,84743374,15,1.0,Vitoria-Gasteiz,Distrito Centro," Calle Bake, 8 , Distrito Centro , Vitoria-Gasteiz , Álava ","Calle Bake, 8",Álava,65,50.0,2019-03-29,660,0,1.0,1,0,1,False,True,False,False,False,False,False,False,False,False,False,False,False,False,False,False,False,False,False,False,False,False,True,False,False,False,False
Anuncio actualizado el 17 de marzo,0,0,1.0,1,0,1993.0,en trámite,bajo exterior,0,0,27370989,15,0.0,Legutiano,"Calle Comercio Kalea, 17"," Calle Comercio Kalea, 17 , Legutiano , Zuya, Álava ",,"Zuya, Álava",63,60.0,2019-03-29,550,0,2.0,0,0,0,False,True,False,False,False,False,False,False,False,False,False,False,False,False,False,False,False,False,False,False,False,False,False,False,False,False,False
Anuncio actualizado el 7 de marzo,0,0,1.0,0,0,1974.0,no indicado,1 planta,0,0,84536575,20,1.0,Valdegovia,," , Valdegovia , Añana, Álava ",,"Añana, Álava",130,90.0,2019-03-29,360,0,3.0,1,0,0,False,True,False,False,False,False,False,False,False,False,False,False,False,False,False,False,False,False,False,False,False,False,False,False,False,False,False
Anuncio actualizado el 5 de febrero,0,0,2.0,1,0,1993.0,en trámite,planta 2ª exterior,0,0,40047680,15,1.0,Vitoria-Gasteiz,Distrito San Martín," Avenida Gasteiz , Distrito San Martín , Vitoria-Gasteiz , Álava ",Avenida Gasteiz,Álava,145,87.0,2019-03-29,1375,0,4.0,1,0,1,False,True,False,False,False,False,False,False,False,False,False,False,False,False,False,False,False,False,False,False,False,False,False,False,False,False,False
Anuncio actualizado el 3 de enero,0,0,1.0,0,0,1993.0,,planta 5ª exterior,0,0,83020974,15,1.0,Vitoria-Gasteiz,Distrito Centro," San Antonio , Distrito Centro , Vitoria-Gasteiz , Álava ",San Antonio,Álava,56,55.0,2019-03-29,780,0,2.0,0,0,0,False,True,False,True,False,False,False,False,False,False,False,False,True,False,False,False,False,False,False,False,False,False,False,False,False,False,False
Anuncio actualizado el 15 de marzo,0,0,2.0,1,0,1993.0,,planta 6ª exterior,0,0,84173239,15,1.0,Vitoria-Gasteiz,Distrito Lovaina - Aranzabal," Adriano VI , Distrito Lovaina - Aranzabal , Vitoria-Gasteiz , Álava ",Adriano VI,Álava,75,70.0,2019-03-29,850,0,2.0,1,0,1,False,True,False,True,False,False,False,False,False,False,False,False,False,False,False,False,False,False,False,False,False,False,False,False,False,False,False
Anuncio actualizado el 6 de marzo,0,1,1.0,1,0,1993.0,en trámite,planta 3ª,0,0,83901805,15,1.0,Vitoria-Gasteiz,Distrito Txagorritxu - El Pilar," Calle Arriagako Atea , Distrito Txagorritxu - El Pilar , Vitoria-Gasteiz , Álava ",Calle Arriagako Atea,Álava,75,87.0,2019-03-29,685,0,3.0,1,0,0,False,True,False,False,False,False,True,False,False,False,False,False,False,False,False,False,False,False,False,False,False,False,False,False,False,False,False
Anuncio actualizado el 24 de marzo,0,0,1.0,0,0,1993.0,en trámite,planta 2ª exterior,1,0,2121147,15,1.0,Vitoria-Gasteiz,Distrito Casco Viejo," Plaza España, 5 , Distrito Casco Viejo , Vitoria-Gasteiz , Álava ","Plaza España, 5",Álava,65,87.0,2019-03-29,800,0,2.0,1,0,0,False,True,False,False,False,False,False,False,False,False,False,False,False,False,False,False,False,False,False,False,False,False,True,False,False,False,False
Anuncio actualizado el 24 de marzo,0,1,2.0,0,0,1993.0,no indicado,planta 1ª exterior,0,0,84656283,15,0.0,Vitoria-Gasteiz,Distrito Casco Viejo," Calle Nueva Fuera, 28 , Distrito Casco Viejo , Vitoria-Gasteiz , Álava ","Calle Nueva Fuera, 28",Álava,70,60.0,2019-03-29,980,0,3.0,1,0,0,False,True,False,False,False,False,False,False,False,False,False,False,False,True,False,False,False,False,False,False,False,False,False,False,False,False,False
Anuncio actualizado el 24 de marzo,0,0,2.0,0,0,1993.0,en trámite,bajo exterior,1,0,84664242,17,1.0,Alegria-Dulantzi,"Calle Larrara, 12"," Calle Larrara, 12 , Alegria-Dulantzi , Salvatierra, Álava ",,"Salvatierra, Álava",110,90.0,2019-03-29,700,0,3.0,1,0,1,False,True,False,False,False,False,False,False,False,False,False,False,False,False,False,False,False,False,False,False,False,False,False,False,False,False,False
Anuncio actualizado el 27 de marzo,0,0,1.0,1,0,1993.0,en trámite,,0,0,84322089,15,1.0,Vitoria-Gasteiz,Distrito Casco Viejo," , Distrito Casco Viejo , Vitoria-Gasteiz , Álava ",,Álava,60,50.0,2019-03-29,700,0,1.0,0,0,0,False,False,False,False,False,False,False,False,False,False,False,False,False,False,False,False,False,False,False,False,False,False,False,False,True,False,False
Anuncio actualizado el 28 de febrero,0,0,3.0,1,0,1993.0,,,1,0,82878902,16,1.0,Iruña de Oca,," , Iruña de Oca , Añana, Álava ",,"Añana, Álava",275,87.0,2019-03-29,1200,0,6.0,1,0,1,False,True,False,False,False,False,True,False,False,False,False,False,False,False,False,False,False,False,False,False,False,False,False,False,False,False,False
Anuncio actualizado el 19 de febrero,0,0,2.0,1,0,1993.0,,,0,1,83554123,15,1.0,Vitoria-Gasteiz,Distrito Casco Viejo," , Distrito Casco Viejo , Vitoria-Gasteiz , Álava ",,Álava,121,99.0,2019-03-29,810,0,2.0,0,1,0,False,True,False,False,False,False,False,False,False,False,False,False,False,False,False,False,False,False,False,False,False,False,False,False,False,False,False
Anuncio actualizado el 31 de enero,0,0,3.0,0,0,1993.0,inmueble exento,,0,1,33958046,21,1.0,Vitoria-Gasteiz,Distrito Zona rural este," , Distrito Zona rural este , Vitoria-Gasteiz , Álava ",,Álava,280,250.0,2019-03-29,2000,0,5.0,0,0,0,False,False,False,False,False,False,False,False,False,False,False,False,False,False,False,False,False,False,False,False,False,False,False,False,False,False,False
Anuncio actualizado el 27 de marzo,0,1,1.0,1,0,1993.0,no indicado,planta 3ª exterior,1,1,84180864,15,1.0,Vitoria-Gasteiz,Distrito Salburua," Calle Viena, 2 , Urb. piso tutelado , Distrito Salburua , Vitoria-Gasteiz , Álava ",Urb. piso tutelado,Álava,75,70.0,2019-03-29,765,1,2.0,0,0,0,False,True,False,False,False,False,False,False,False,True,False,False,False,False,False,False,False,False,False,False,False,False,False,False,False,False,False
Anuncio actualizado el 25 de marzo,0,0,2.0,1,0,1993.0,,planta 3ª exterior,0,0,36884771,15,1.0,Vitoria-Gasteiz,Distrito Centro," Calle Florida, 34 , Distrito Centro , Vitoria-Gasteiz , Álava ","Calle Florida, 34",Álava,80,87.0,2019-03-29,900,0,2.0,0,0,0,False,True,False,False,False,False,False,False,False,True,False,False,False,False,False,False,False,False,False,False,False,False,False,False,False,False,False
Anuncio actualizado el 4 de marzo,0,0,4.0,1,0,1993.0,en trámite,1 planta,1,1,34084345,16,1.0,Vitoria-Gasteiz,Distrito Armentia - Ciudad Jardín," Calle Antonia Maria de Oviedo, 24 , Urb. Ander Fernandez Arrizabalaga , Distrito Armentia - Ciudad Jardín , Vitoria-Gasteiz , Álava ",Urb. Ander Fernandez Arrizabalaga,Álava,1500,180.0,2019-03-29,3000,0,4.0,0,0,1,False,True,False,False,False,False,False,False,False,False,False,False,False,False,False,False,False,False,False,False,False,False,False,True,False,False,False
Anuncio actualizado el 24 de marzo,0,0,2.0,1,0,1993.0,,planta 2ª exterior,0,1,82718958,15,1.0,Vitoria-Gasteiz,Distrito Lovaina - Aranzabal," Calle Vicente Goicoechea, 8 , Distrito Lovaina - Aranzabal , Vitoria-Gasteiz , Álava ","Calle Vicente Goicoechea, 8",Álava,70,68.0,2019-03-29,850,1,2.0,0,0,0,False,True,False,True,False,False,False,False,False,False,False,False,False,False,False,False,False,False,False,False,False,False,False,False,False,False,False
Anuncio actualizado el 23 de marzo,0,0,2.0,0,0,1993.0,,planta 4ª exterior,1,0,84541850,15,1.0,Vitoria-Gasteiz,Distrito Centro," Calle Olaguíbel, Vitoria-Gasteiz , Distrito Centro , Vitoria-Gasteiz , Álava ","Calle Olaguíbel, Vitoria-Gasteiz",Álava,140,120.0,2019-03-29,1800,0,3.0,0,0,0,False,True,False,False,True,False,False,False,False,False,False,False,False,False,False,False,False,False,False,False,False,False,False,True,False,False,False
Anuncio actualizado el 18 de marzo,0,0,2.0,1,0,1993.0,,planta 6ª exterior,1,0,35531431,22,1.0,Vitoria-Gasteiz,Distrito Santiago - El Anglo," Calle Logroño, 14 , Distrito Santiago - El Anglo , Vitoria-Gasteiz , Álava ","Calle Logroño, 14",Álava,80,72.0,2019-03-29,865,1,2.0,0,0,1,False,True,False,False,True,False,False,False,False,False,False,False,False,False,False,False,False,False,False,False,False,False,False,True,False,False,False
Anuncio actualizado el 11 de julio,0,0,2.0,0,0,1993.0,en trámite,planta 1ª exterior,0,0,81143617,15,1.0,Vitoria-Gasteiz,Distrito Zabalgana - Ariznabarra," ariznavarra , Distrito Zabalgana - Ariznabarra , Vitoria-Gasteiz , Álava ",ariznavarra,Álava,144,120.0,2019-03-29,1320,0,4.0,0,0,1,False,True,False,False,False,False,False,False,False,False,False,False,False,False,False,False,True,False,False,False,False,False,False,False,False,False,False
Anuncio actualizado el 24 de febrero,0,0,1.0,0,0,1993.0,no indicado,planta 3ª interior,0,1,1811730,15,1.0,Vitoria-Gasteiz,Distrito Lovaina - Aranzabal," Calle Ramiro de Maeztu, 5 , Distrito Lovaina - Aranzabal , Vitoria-Gasteiz , Álava ","Calle Ramiro de Maeztu, 5",Álava,90,80.0,2019-03-29,1000,0,3.0,0,0,1,False,True,False,False,False,False,False,False,False,False,False,False,True,False,False,False,False,False,False,False,False,False,False,False,False,False,False
Anuncio actualizado el 17 de marzo,1,0,38.0,1,0,1993.0,no indicado,2 plantas,1,1,29523967,23,1.0,Oión,"Avenida de Navarra, 28"," Avenida de Navarra, 28 , Oión , Laguardia-Rioja Alavesa, Álava ",,"Laguardia-Rioja Alavesa, Álava",1900,2000.0,2019-03-29,5000,0,35.0,1,1,1,False,True,False,False,False,False,False,False,False,False,False,False,False,False,True,False,False,False,False,False,False,False,False,False,False,False,False
Anuncio actualizado el 4 de marzo,0,0,2.0,1,0,1993.0,en trámite,1 planta,1,0,83855993,18,1.0,Zuya,"Sarria Errepidea, 9"," Sarria Errepidea, 9 , Zuya , Álava ",,Álava,280,150.0,2019-03-29,980,0,4.0,0,0,0,False,True,False,False,False,False,False,False,False,False,False,False,False,False,False,False,False,False,False,False,False,False,False,False,True,False,False
Anuncio actualizado el 27 de marzo,0,0,1.0,1,0,1993.0,no indicado,planta 4ª exterior,0,0,84174878,15,1.0,Vitoria-Gasteiz,Distrito Centro," Calle San Antonio, 2 , Distrito Centro , Vitoria-Gasteiz , Álava ","Calle San Antonio, 2",Álava,88,80.0,2019-03-29,900,0,2.0,0,0,0,False,True,False,True,False,False,False,False,False,False,False,False,False,True,False,False,False,False,False,False,False,False,False,False,False,False,False
Anuncio actualizado el 27 de marzo,0,0,2.0,0,0,1993.0,,bajo exterior,1,1,26554757,17,1.0,Alegria-Dulantzi,"Atxako, 1"," Atxako, 1 , Alegria-Dulantzi , Salvatierra, Álava ",,"Salvatierra, Álava",97,83.0,2019-03-29,650,0,2.0,1,0,1,False,True,False,False,False,False,False,False,False,False,False,False,False,False,False,False,True,False,False,False,False,False,False,False,False,False,False
Anuncio actualizado el 26 de enero,0,0,4.0,1,0,1993.0,no indicado,4 plantas,1,1,83961430,24,1.0,Vitoria-Gasteiz,Distrito Armentia - Ciudad Jardín," Cervantes Ibilbidea, 1 , Distrito Armentia - Ciudad Jardín , Vitoria-Gasteiz , Álava ","Cervantes Ibilbidea, 1",Álava,1500,350.0,2019-03-29,3000,0,4.0,1,0,1,False,True,False,False,False,False,False,False,False,True,False,False,False,False,False,False,False,False,False,False,False,False,False,False,False,False,False
Anuncio actualizado el 25 de marzo,0,0,1.0,0,0,2007.0,no indicado,bajo exterior,0,0,84786114,19,0.0,Iruña de Oca,," , Iruña de Oca , Añana, Álava ",,"Añana, Álava",42,87.0,2019-03-29,400,0,0.0,0,0,0,False,True,False,False,False,False,False,False,False,False,False,False,False,False,False,False,False,False,False,False,False,False,False,False,False,False,False
Anuncio actualizado el 27 de marzo,0,0,1.0,1,0,1993.0,en trámite,,0,0,84818546,15,1.0,Vitoria-Gasteiz,Distrito Santiago - El Anglo," , Distrito Santiago - El Anglo , Vitoria-Gasteiz , Álava ",,Álava,75,70.0,2019-03-29,750,0,2.0,0,0,0,False,False,False,False,False,False,False,False,False,False,False,False,False,False,False,False,False,False,False,False,False,False,False,False,False,False,False
Anuncio actualizado el 27 de marzo,0,0,1.0,0,0,1977.0,no indicado,planta 4ª,0,0,84823984,15,1.0,Vitoria-Gasteiz,Distrito Aranzabela - Aranbizkarra," , Distrito Aranzabela - Aranbizkarra , Vitoria-Gasteiz , Álava ",,Álava,75,70.0,2019-03-29,710,0,3.0,0,0,1,False,True,False,False,False,False,False,False,False,False,False,False,False,False,False,False,False,False,True,False,False,False,False,False,False,False,False
Anuncio actualizado el 22 de febrero,0,0,1.0,0,0,1976.0,en trámite,planta 3ª,0,0,84148195,15,1.0,Vitoria-Gasteiz,Distrito Aranzabela - Aranbizkarra," Calle Palencia , Distrito Aranzabela - Aranbizkarra , Vitoria-Gasteiz , Álava ",Calle Palencia,Álava,90,87.0,2019-03-29,850,0,3.0,0,0,1,False,True,False,True,False,False,False,False,False,False,False,False,False,False,False,False,False,False,False,False,False,False,True,False,False,False,False
Anuncio actualizado el 23 de marzo,0,0,1.0,0,0,1993.0,en trámite,planta 2ª,0,0,84451689,15,1.0,Vitoria-Gasteiz,Distrito Coronación," Calle Badaia , Distrito Coronación , Vitoria-Gasteiz , Álava ",Calle Badaia,Álava,70,87.0,2019-03-29,790,0,3.0,0,0,0,False,True,False,True,False,False,False,False,False,False,False,False,False,False,False,False,False,False,False,False,False,False,False,True,False,False,False
Anuncio actualizado el 20 de marzo,0,0,1.0,0,0,1993.0,en trámite,,0,0,81340008,16,1.0,Vitoria-Gasteiz,Distrito Zona rural noroeste," , Distrito Zona rural noroeste , Vitoria-Gasteiz , Álava ",,Álava,500,87.0,2019-03-29,750,0,2.0,0,0,0,False,True,False,False,False,False,False,False,False,False,False,False,False,False,False,False,False,False,False,False,False,False,False,False,False,False,False
Anuncio actualizado el 27 de marzo,0,0,1.0,1,0,1993.0,en trámite,,0,0,84754991,15,1.0,Vitoria-Gasteiz,Distrito Salburua," , Distrito Salburua , Vitoria-Gasteiz , Álava ",,Álava,85,80.0,2019-03-29,990,0,1.0,0,0,0,False,False,False,False,False,False,False,False,False,False,False,False,False,False,False,False,False,False,False,False,False,False,False,False,False,False,False
Anuncio actualizado el 27 de marzo,1,0,1.0,1,0,1993.0,,planta 4ª exterior,0,0,82427003,22,0.0,Vitoria-Gasteiz,Distrito Casco Viejo," Calle Errementari, 56 , Distrito Casco Viejo , Vitoria-Gasteiz , Álava ","Calle Errementari, 56",Álava,35,87.0,2019-03-29,600,0,1.0,0,0,0,False,True,False,False,False,False,False,False,True,False,False,False,False,False,False,False,False,False,False,False,False,False,False,False,False,False,False
Anuncio actualizado el 28 de marzo,0,0,1.0,0,0,1993.0,no indicado,planta 4ª exterior,0,0,84816227,22,0.0,Vitoria-Gasteiz,Distrito Casco Viejo," Calle Barrenkale, 15 , Distrito Casco Viejo , Vitoria-Gasteiz , Álava ","Calle Barrenkale, 15",Álava,50,87.0,2019-03-29,600,0,1.0,0,0,0,False,True,False,False,False,False,False,False,False,True,False,False,False,False,False,False,False,False,True,False,False,False,False,False,False,False,False
Anuncio actualizado el 28 de marzo,0,0,2.0,0,0,1993.0,,planta 5ª exterior,0,0,84580383,15,1.0,Vitoria-Gasteiz,Distrito Centro," Calle Olagibel, 6 , Distrito Centro , Vitoria-Gasteiz , Álava ","Calle Olagibel, 6",Álava,130,101.0,2019-03-29,975,0,3.0,0,0,0,False,True,False,True,False,False,False,False,False,False,False,False,False,False,False,False,False,False,True,False,False,False,False,False,False,False,False
Anuncio actualizado el 25 de marzo,0,1,2.0,0,0,1993.0,,planta 3ª exterior,0,0,84653599,15,1.0,Vitoria-Gasteiz,Distrito Centro," Calle Rioja, 21 , Distrito Centro , Vitoria-Gasteiz , Álava ","Calle Rioja, 21",Álava,79,72.0,2019-03-29,770,0,2.0,0,0,0,False,True,False,False,False,False,False,False,False,False,False,False,False,True,False,False,False,False,False,False,False,False,False,False,False,False,False
Anuncio actualizado el 24 de marzo,0,0,2.0,1,0,1993.0,no indicado,planta 4ª exterior,1,0,32967891,15,1.0,Vitoria-Gasteiz,Distrito Zabalgana - Ariznabarra," gaztelako atea, 60 , Distrito Zabalgana - Ariznabarra , Vitoria-Gasteiz , Álava ","gaztelako atea, 60",Álava,90,87.0,2019-03-29,750,1,3.0,1,0,0,False,True,False,False,False,False,False,False,False,False,False,False,False,False,False,False,False,False,False,False,False,False,False,False,False,False,False
Anuncio actualizado el 18 de marzo,0,0,1.0,0,0,1993.0,en trámite,planta 5ª exterior,0,1,84452688,15,1.0,Vitoria-Gasteiz,Distrito San Cristóbal," Calle Domingo Martinez de Aragon, 9 , Distrito San Cristóbal , Vitoria-Gasteiz , Álava ","Calle Domingo Martinez de Aragon, 9",Álava,85,72.0,2019-03-29,990,0,3.0,0,0,1,False,True,False,False,False,False,False,False,False,True,False,False,False,True,False,False,False,False,False,False,False,False,False,False,False,False,False
Anuncio actualizado el 12 de marzo,0,0,2.0,0,0,1993.0,no indicado,planta 4ª,1,0,84075067,15,1.0,Vitoria-Gasteiz,Distrito Lovaina - Aranzabal," Paseo la Musica , Distrito Lovaina - Aranzabal , Vitoria-Gasteiz , Álava ",Paseo la Musica,Álava,85,87.0,2019-03-29,1300,0,2.0,0,0,0,False,True,False,False,False,False,False,False,False,False,False,False,False,False,False,False,False,False,False,False,False,False,False,False,False,False,False
Anuncio actualizado el 29 de enero,0,0,2.0,0,0,1993.0,no indicado,planta 2ª,1,0,84075101,15,1.0,Vitoria-Gasteiz,Distrito Lovaina - Aranzabal," Paseo la Musica , Distrito Lovaina - Aranzabal , Vitoria-Gasteiz , Álava ",Paseo la Musica,Álava,85,87.0,2019-03-29,1150,0,2.0,0,0,0,False,True,False,False,False,False,False,False,False,False,False,False,False,False,False,False,False,False,False,False,False,False,False,False,False,False,False
Anuncio actualizado el 26 de marzo,0,1,1.0,0,0,1993.0,,planta 2ª,0,0,84682840,15,1.0,Vitoria-Gasteiz,Distrito Coronación," Plaza Zaldiaran , Distrito Coronación , Vitoria-Gasteiz , Álava ",Plaza Zaldiaran,Álava,85,87.0,2019-03-29,790,0,3.0,0,0,0,False,True,False,True,False,False,False,False,False,False,False,False,False,False,False,False,False,False,False,False,False,False,False,False,False,False,False
Anuncio actualizado el 25 de marzo,0,0,2.0,1,0,1993.0,,planta 3ª exterior,1,0,34092395,15,1.0,Vitoria-Gasteiz,Distrito Lovaina - Aranzabal," Paseo de la musica , Distrito Lovaina - Aranzabal , Vitoria-Gasteiz , Álava ",Paseo de la musica,Álava,75,70.0,2019-03-29,1060,0,2.0,1,0,1,False,True,False,False,False,False,False,False,False,True,False,False,False,False,False,False,False,False,False,False,False,False,True,False,False,False,False
Anuncio actualizado el 23 de noviembre,0,0,2.0,0,0,1993.0,en trámite,planta 3ª exterior,1,0,82142534,15,1.0,Vitoria-Gasteiz,Distrito Lovaina - Aranzabal," Paseo de la musica , Distrito Lovaina - Aranzabal , Vitoria-Gasteiz , Álava ",Paseo de la musica,Álava,120,105.0,2019-03-29,1600,1,3.0,0,0,0,False,True,False,False,False,False,False,False,False,False,False,False,False,False,False,False,False,False,False,False,False,False,False,False,False,False,False
Anuncio actualizado el 20 de marzo,0,0,2.0,1,0,1993.0,en trámite,,1,0,84684869,15,1.0,Vitoria-Gasteiz,Distrito Armentia - Ciudad Jardín," Gaztelako Atea , Distrito Armentia - Ciudad Jardín , Vitoria-Gasteiz , Álava ",Gaztelako Atea,Álava,117,104.0,2019-03-29,1300,0,3.0,1,0,1,False,True,False,False,False,False,True,False,False,False,False,False,True,False,False,False,False,False,False,False,False,False,False,False,False,False,False
Anuncio actualizado el 26 de junio,0,0,4.0,1,0,1993.0,en trámite,3 plantas,1,1,81564437,24,1.0,Vitoria-Gasteiz,Distrito Armentia - Ciudad Jardín," Calle Salbaterrabide , Distrito Armentia - Ciudad Jardín , Vitoria-Gasteiz , Álava ",Calle Salbaterrabide,Álava,200,87.0,2019-03-29,2400,0,5.0,1,0,0,False,True,False,False,False,False,False,False,False,False,False,False,False,False,False,False,False,False,True,False,False,False,False,False,False,False,False
Anuncio actualizado el 3 de marzo,0,0,2.0,1,0,1993.0,en trámite,planta 5ª exterior,0,0,84364765,15,1.0,Vitoria-Gasteiz,Distrito Casco Viejo," , Distrito Casco Viejo , Vitoria-Gasteiz , Álava ",,Álava,81,73.0,2019-03-29,890,0,3.0,1,0,0,False,True,False,False,False,False,False,False,False,False,False,False,False,True,False,False,False,False,False,False,False,False,False,False,False,False,False
Anuncio actualizado el 27 de marzo,0,1,2.0,0,0,2000.0,en trámite,planta 2ª exterior,0,0,84574224,17,1.0,Alegria-Dulantzi,Herrador," Herrador , Alegria-Dulantzi , Salvatierra, Álava ",,"Salvatierra, Álava",100,90.0,2019-03-29,650,0,3.0,1,0,0,False,True,False,False,False,False,True,False,False,False,False,False,False,False,False,False,False,True,False,False,False,False,False,False,False,False,False
Anuncio actualizado el 13 de marzo,0,1,2.0,1,0,1976.0,,planta 5ª exterior,0,0,84635135,15,1.0,Vitoria-Gasteiz,Distrito Aranzabela - Aranbizkarra," Jose Pablo Ullibarri , Distrito Aranzabela - Aranbizkarra , Vitoria-Gasteiz , Álava ",Jose Pablo Ullibarri,Álava,85,80.0,2019-03-29,820,0,3.0,0,0,0,False,True,False,False,False,True,False,False,False,False,False,False,False,False,True,False,False,False,False,False,False,False,False,False,False,False,False
Anuncio actualizado el 21 de marzo,0,0,1.0,0,0,1970.0,,planta 2ª exterior,0,0,84757544,15,1.0,Vitoria-Gasteiz,Distrito Zaramaga," portal de legutiano , Distrito Zaramaga , Vitoria-Gasteiz , Álava ",portal de legutiano,Álava,95,87.0,2019-03-29,820,0,3.0,1,0,0,False,True,False,False,False,False,False,False,False,True,False,False,False,False,False,False,False,False,False,False,False,False,False,False,False,False,True
Anuncio actualizado el 21 de marzo,0,0,1.0,0,0,2002.0,,planta 1ª exterior,0,0,84760198,15,1.0,Alegria-Dulantzi,Dulantzi," Dulantzi , Alegria-Dulantzi , Salvatierra, Álava ",,"Salvatierra, Álava",68,60.0,2019-03-29,595,0,1.0,1,0,1,False,True,False,False,False,False,True,False,False,False,False,False,False,True,False,False,False,False,False,False,False,False,False,False,False,False,False
Anuncio actualizado el 5 de febrero,0,0,2.0,0,0,1995.0,en trámite,planta 5ª exterior,1,0,84147742,15,1.0,Vitoria-Gasteiz,Distrito Centro," FLORIDA , Distrito Centro , Vitoria-Gasteiz , Álava ",FLORIDA,Álava,120,110.0,2019-03-29,1100,0,3.0,1,0,0,False,True,False,False,False,True,False,False,False,False,False,False,False,False,False,False,False,False,True,False,False,False,False,False,False,False,False
Anuncio actualizado el 26 de febrero,0,1,1.0,1,0,1993.0,,planta 3ª exterior,0,0,39595867,15,1.0,Vitoria-Gasteiz,Distrito Lovaina - Aranzabal," PRADO , Distrito Lovaina - Aranzabal , Vitoria-Gasteiz , Álava ",PRADO,Álava,60,58.0,2019-03-29,750,0,1.0,0,0,0,False,True,False,False,False,False,False,False,False,True,False,False,False,False,False,False,False,False,False,False,False,False,False,False,False,False,False
Anuncio actualizado el 26 de marzo,0,0,1.0,1,0,2010.0,en trámite,planta 4ª exterior,0,0,84819370,22,1.0,Vitoria-Gasteiz,Distrito Casco Viejo," Calle Pintorería, Vitoria-Gasteiz , Distrito Casco Viejo , Vitoria-Gasteiz , Álava ","Calle Pintorería, Vitoria-Gasteiz",Álava,70,60.0,2019-03-29,725,1,1.0,1,0,0,False,True,False,False,False,False,False,False,False,True,False,False,False,False,False,False,False,False,False,False,False,False,True,False,False,False,False
Anuncio actualizado el 15 de enero,0,0,3.0,1,0,1993.0,,2 plantas,1,1,83858567,18,1.0,Ribera Baja,Calle Arenal s/n," Calle Arenal s/n , Ribera Baja , Añana, Álava ",,"Añana, Álava",120,115.0,2019-03-29,700,0,3.0,1,0,1,False,True,False,False,False,False,False,False,False,False,True,False,False,False,False,False,False,False,False,False,False,False,False,False,False,False,False
Anuncio actualizado el 11 de marzo,0,0,2.0,0,0,1980.0,,planta 5ª exterior,1,0,84616190,15,1.0,Vitoria-Gasteiz,Distrito Aranzabela - Aranbizkarra," PALENCIA , Distrito Aranzabela - Aranbizkarra , Vitoria-Gasteiz , Álava ",PALENCIA,Álava,95,90.0,2019-03-29,860,0,3.0,1,0,0,False,True,False,False,False,False,False,False,False,False,False,False,False,True,False,False,False,False,False,False,False,False,False,False,False,False,False
Anuncio actualizado el 20 de marzo,1,0,1.0,0,0,1993.0,en trámite,planta 7ª exterior,0,0,84745268,15,1.0,Vitoria-Gasteiz,Distrito Salburua," Calle Nadine Gordimer Kalea, 19 , Distrito Salburua , Vitoria-Gasteiz , Álava ","Calle Nadine Gordimer Kalea, 19",Álava,80,87.0,2019-03-29,990,0,1.0,0,0,1,False,True,False,False,False,False,False,False,False,False,False,False,False,False,False,False,False,False,False,False,False,False,False,False,False,False,False
Anuncio actualizado el 25 de marzo,0,0,1.0,1,0,1993.0,,planta 3ª exterior,0,0,84805007,15,0.0,Vitoria-Gasteiz,Distrito Casco Viejo," ZAPATERIA , Distrito Casco Viejo , Vitoria-Gasteiz , Álava ",ZAPATERIA,Álava,70,65.0,2019-03-29,670,0,2.0,0,0,0,False,True,False,False,False,False,False,False,False,True,False,False,False,True,False,False,False,False,False,False,False,False,False,False,False,False,False
Anuncio actualizado el 18 de marzo,0,0,2.0,0,0,1993.0,en trámite,planta 4ª exterior,1,0,84711230,15,1.0,Vitoria-Gasteiz,Distrito Coronación," Avenida de gasteiz , Distrito Coronación , Vitoria-Gasteiz , Álava ",Avenida de gasteiz,Álava,135,124.0,2019-03-29,1100,0,3.0,0,0,1,False,True,False,False,True,False,False,False,False,False,False,False,False,False,False,False,False,False,False,False,False,False,True,False,False,False,False
Anuncio actualizado el 21 de marzo,0,0,1.0,0,0,1993.0,,planta 2ª exterior,0,0,84735350,15,1.0,Vitoria-Gasteiz,Distrito Judimendi - Sta.Lucía," santa lucia , Distrito Judimendi - Sta.Lucía , Vitoria-Gasteiz , Álava ",santa lucia,Álava,80,75.0,2019-03-29,675,0,3.0,0,0,0,False,True,False,False,False,False,False,False,False,True,False,False,False,False,False,False,False,False,False,False,False,False,False,False,False,False,False
Anuncio actualizado el 27 de marzo,0,1,1.0,0,0,1960.0,en trámite,planta 3ª interior,0,0,84440365,15,1.0,Vitoria-Gasteiz,Distrito Casco Viejo," Francia Kalea, Vitoria-Gasteiz , Distrito Casco Viejo , Vitoria-Gasteiz , Álava ","Francia Kalea, Vitoria-Gasteiz",Álava,89,85.0,2019-03-29,785,0,3.0,1,0,0,False,True,False,False,False,False,True,False,False,False,False,False,False,True,False,False,False,False,False,False,False,False,False,False,False,False,False
Anuncio actualizado el 25 de marzo,0,1,1.0,1,0,1993.0,,planta 7ª exterior,0,0,40227341,22,1.0,Vitoria-Gasteiz,Distrito Salburua," Calle Nadine Gordimer, 21 , Distrito Salburua , Vitoria-Gasteiz , Álava ","Calle Nadine Gordimer, 21",Álava,80,68.0,2019-03-29,990,0,1.0,0,0,1,False,True,False,False,False,False,False,False,False,False,False,False,False,False,False,False,False,False,False,False,False,False,False,False,False,True,False
Anuncio actualizado el 21 de marzo,0,0,2.0,1,0,1993.0,no indicado,planta 1ª exterior,0,1,37366913,15,1.0,Vitoria-Gasteiz,Distrito Txagorritxu - El Pilar," Calle Bolivia, 7 , Distrito Txagorritxu - El Pilar , Vitoria-Gasteiz , Álava ","Calle Bolivia, 7",Álava,90,85.0,2019-03-29,1200,1,4.0,0,0,1,False,True,False,False,True,False,False,False,False,False,False,False,False,False,False,False,False,False,False,False,False,False,False,False,False,False,False
Anuncio actualizado el 19 de marzo,0,1,1.0,0,0,1993.0,,planta 2ª exterior,0,0,84558569,15,0.0,Vitoria-Gasteiz,Distrito Casco Viejo," Calle zapatería, 39 , Distrito Casco Viejo , Vitoria-Gasteiz , Álava ","Calle zapatería, 39",Álava,65,87.0,2019-03-29,765,0,2.0,0,0,0,False,True,False,False,False,False,False,False,False,True,False,False,False,True,False,False,False,False,False,False,False,False,False,False,False,False,False
Anuncio actualizado el 11 de marzo,0,0,2.0,1,0,1993.0,en trámite,planta 4ª,1,0,84593534,15,1.0,Vitoria-Gasteiz,Distrito Armentia - Ciudad Jardín," Gaztelako Atea , Distrito Armentia - Ciudad Jardín , Vitoria-Gasteiz , Álava ",Gaztelako Atea,Álava,104,87.0,2019-03-29,1200,0,3.0,1,0,1,False,True,False,False,False,False,False,False,False,False,False,False,False,False,False,False,False,False,False,False,False,False,False,False,False,False,False
Anuncio actualizado el 5 de marzo,0,0,3.0,0,0,2008.0,en trámite,,1,0,83304597,18,1.0,Iruña de Oca,Calle San Cristobal," Calle San Cristobal , Iruña de Oca , Añana, Álava ",,"Añana, Álava",292,248.0,2019-03-29,1400,0,5.0,1,0,1,False,True,False,False,False,False,False,False,False,False,False,False,False,False,False,False,False,False,False,False,False,False,False,False,False,False,False
Anuncio actualizado el 12 de marzo,0,0,2.0,1,0,1990.0,en trámite,planta 5ª exterior,1,0,31721870,15,1.0,Vitoria-Gasteiz,Distrito Centro," Calle florida, 8 , Distrito Centro , Vitoria-Gasteiz , Álava ","Calle florida, 8",Álava,120,110.0,2019-03-29,1100,0,3.0,1,0,0,False,True,False,False,False,False,False,False,False,False,False,False,False,False,False,False,False,False,False,False,False,False,False,False,True,False,False
Anuncio actualizado el 21 de marzo,0,1,2.0,1,0,1993.0,no indicado,planta 2ª exterior,1,1,84254610,15,1.0,Vitoria-Gasteiz,Distrito Zabalgana - Ariznabarra," Calle del Castillo de Lantarón, Vitoria-Gasteiz , Urb. privada , Distrito Zabalgana - Ariznabarra , Vitoria-Gasteiz , Álava ",Urb. privada,Álava,110,92.0,2019-03-29,780,0,3.0,0,0,1,False,True,False,False,False,False,True,False,False,False,False,False,False,False,False,False,False,False,False,False,False,False,False,False,False,False,True
Anuncio actualizado el 25 de marzo,0,0,2.0,0,0,1993.0,,planta 4ª exterior,0,0,84119399,15,1.0,Vitoria-Gasteiz,Distrito Centro," Calle Manuel Iradier, 44 , Distrito Centro , Vitoria-Gasteiz , Álava ","Calle Manuel Iradier, 44",Álava,83,87.0,2019-03-29,725,0,3.0,0,0,0,False,True,False,False,False,False,False,False,False,False,False,False,False,False,False,False,False,False,False,False,False,False,False,False,False,False,False
Anuncio actualizado el 20 de marzo,0,0,1.0,0,0,1993.0,,planta 4ª exterior,0,0,84399863,15,1.0,Vitoria-Gasteiz,Distrito Judimendi - Sta.Lucía," Calle Errekatxiki, 39 , Distrito Judimendi - Sta.Lucía , Vitoria-Gasteiz , Álava ","Calle Errekatxiki, 39",Álava,73,87.0,2019-03-29,690,0,3.0,1,0,0,False,True,False,False,False,False,False,False,False,False,False,False,False,False,False,False,False,False,False,False,False,False,False,False,False,False,False
Anuncio actualizado el 14 de marzo,0,0,2.0,1,0,1985.0,en trámite,planta 6ª exterior,0,0,84668481,15,1.0,Vitoria-Gasteiz,Distrito Lovaina - Aranzabal," adriano vi , Distrito Lovaina - Aranzabal , Vitoria-Gasteiz , Álava ",adriano vi,Álava,80,75.0,2019-03-29,850,1,2.0,1,0,1,False,True,False,False,False,True,False,False,False,False,False,False,False,False,True,False,False,False,False,False,False,False,False,False,False,False,False
Anuncio actualizado el 18 de marzo,0,0,1.0,0,0,1993.0,,planta 1ª exterior,0,0,84533877,15,0.0,Vitoria-Gasteiz,Distrito Judimendi - Sta.Lucía," Calle de los Herrán, 20 , Distrito Judimendi - Sta.Lucía , Vitoria-Gasteiz , Álava ","Calle de los Herrán, 20",Álava,110,87.0,2019-03-29,850,0,3.0,1,0,1,False,True,False,False,False,False,False,False,False,False,False,False,False,False,False,False,False,False,False,False,False,False,False,False,False,False,False
Anuncio actualizado el 15 de febrero,0,0,3.0,0,0,1993.0,,planta 7ª exterior,0,0,82590898,15,1.0,Vitoria-Gasteiz,Distrito Lovaina - Aranzabal," Calle Joaquin Jose Landazuri, 7 , Distrito Lovaina - Aranzabal , Vitoria-Gasteiz , Álava ","Calle Joaquin Jose Landazuri, 7",Álava,160,87.0,2019-03-29,1100,0,5.0,0,0,0,False,True,False,False,False,False,False,False,False,False,False,False,False,False,False,False,False,False,False,False,False,False,False,False,False,False,False
Anuncio actualizado el 27 de marzo,0,0,2.0,0,0,1993.0,no indicado,planta 1ª exterior,1,0,84213029,15,1.0,Vitoria-Gasteiz,Distrito Lakua," Calle Hondarribia, 8 , Distrito Lakua , Vitoria-Gasteiz , Álava ","Calle Hondarribia, 8",Álava,90,87.0,2019-03-29,640,0,3.0,1,0,0,False,True,False,False,False,False,False,False,False,False,False,False,False,False,False,False,False,False,False,False,False,False,False,False,False,False,False
Anuncio actualizado el 13 de diciembre,0,0,2.0,0,0,1993.0,en trámite,2 plantas,1,0,83565414,16,1.0,Zigoitia,Erlautza," Erlautza , Zigoitia , Zuya, Álava ",,"Zuya, Álava",900,87.0,2019-03-29,1500,0,3.0,0,0,1,False,True,False,False,False,False,False,False,False,False,False,False,False,False,False,False,False,False,False,False,False,False,False,False,False,False,False
Anuncio actualizado el 22 de febrero,0,0,3.0,0,0,1993.0,en trámite,,1,0,84401707,16,1.0,Zigoitia,Zelaia," Zelaia , Zigoitia , Zuya, Álava ",,"Zuya, Álava",240,87.0,2019-03-29,2000,0,4.0,0,0,0,False,True,False,False,False,False,True,False,False,False,False,False,False,False,False,False,False,False,False,False,False,False,False,False,False,False,False
Anuncio actualizado el 26 de marzo,0,0,2.0,0,0,1993.0,,1 planta,0,1,84821862,21,1.0,Vitoria-Gasteiz,Distrito Zona rural suroeste," Santa Cruz Hiribidea, 4 , Distrito Zona rural suroeste , Vitoria-Gasteiz , Álava ","Santa Cruz Hiribidea, 4",Álava,300,87.0,2019-03-29,1400,0,3.0,1,0,0,False,True,False,False,False,False,False,False,False,False,False,False,False,False,False,False,False,False,False,False,False,False,False,False,False,False,False
Anuncio actualizado el 18 de marzo,0,0,2.0,0,0,1993.0,en trámite,planta 4ª exterior,0,0,34837504,15,1.0,Vitoria-Gasteiz,Distrito Lovaina - Aranzabal," Calle Portal de Castilla , Distrito Lovaina - Aranzabal , Vitoria-Gasteiz , Álava ",Calle Portal de Castilla,Álava,80,87.0,2019-03-29,850,0,2.0,1,0,0,False,True,False,False,False,False,False,False,False,False,False,False,False,False,False,False,False,False,False,False,False,False,False,False,False,False,False
Anuncio actualizado el 11 de marzo,0,0,2.0,0,0,1993.0,,planta 1ª interior,0,0,84148544,15,1.0,Vitoria-Gasteiz,Distrito Lovaina - Aranzabal," Calle El Prado, 5 , Distrito Lovaina - Aranzabal , Vitoria-Gasteiz , Álava ","Calle El Prado, 5",Álava,150,87.0,2019-03-29,990,0,3.0,1,0,0,False,True,False,False,False,False,False,False,False,False,False,False,False,False,False,False,False,False,False,False,False,False,False,False,False,False,False
Anuncio actualizado el 22 de marzo,0,0,2.0,0,0,1993.0,en trámite,planta 2ª exterior,0,0,84771113,15,1.0,Vitoria-Gasteiz,Distrito Centro," Calle Manuel Iradier , Distrito Centro , Vitoria-Gasteiz , Álava ",Calle Manuel Iradier,Álava,70,87.0,2019-03-29,900,0,2.0,1,0,0,False,True,False,False,False,False,False,False,False,True,False,False,False,False,False,False,False,False,False,False,False,False,False,False,False,False,False
Anuncio actualizado el 28 de marzo,0,0,2.0,0,0,1993.0,,planta 8ª exterior,0,0,84480334,15,1.0,Vitoria-Gasteiz,Distrito San Martín," Plaza Gerardo Armesto, 7 , Distrito San Martín , Vitoria-Gasteiz , Álava ","Plaza Gerardo Armesto, 7",Álava,90,87.0,2019-03-29,900,0,3.0,0,0,0,False,True,False,False,False,False,False,False,False,False,False,False,False,False,False,False,False,False,False,False,False,False,False,False,False,False,False
Anuncio actualizado el 26 de marzo,0,0,1.0,0,0,1993.0,,planta 4ª exterior,0,0,84636977,15,1.0,Vitoria-Gasteiz,Distrito Lakua - Arriaga," Calle Francisco Javier de Landaburu, 32 , Distrito Lakua - Arriaga , Vitoria-Gasteiz , Álava ","Calle Francisco Javier de Landaburu, 32",Álava,90,87.0,2019-03-29,700,0,3.0,0,0,0,False,True,False,False,False,False,False,False,False,False,False,False,False,False,False,False,False,False,False,False,False,False,False,False,False,False,False
Anuncio actualizado el 28 de marzo,0,0,6.0,1,0,1993.0,,,1,0,84540451,16,1.0,Vitoria-Gasteiz,Distrito Zona rural este," Calle Andra Mari de Eskolunbe , Distrito Zona rural este , Vitoria-Gasteiz , Álava ",Calle Andra Mari de Eskolunbe,Álava,2000,87.0,2019-03-29,2500,0,5.0,0,0,0,False,True,False,False,False,False,False,False,False,False,False,False,False,False,False,False,False,False,False,False,False,False,False,False,False,False,False
Anuncio actualizado el 15 de marzo,0,0,2.0,1,0,1993.0,en trámite,planta 4ª exterior,1,1,84683232,15,1.0,Vitoria-Gasteiz,Distrito Armentia - Ciudad Jardín," Portal de Castilla, Vitoria-Gasteiz , Distrito Armentia - Ciudad Jardín , Vitoria-Gasteiz , Álava ","Portal de Castilla, Vitoria-Gasteiz",Álava,119,104.0,2019-03-29,1293,1,3.0,1,0,1,False,True,False,False,False,False,False,False,False,True,False,False,False,True,False,False,False,False,False,False,False,False,False,False,False,False,False
Anuncio actualizado el 22 de marzo,0,1,2.0,1,0,1993.0,no indicado,3 plantas,1,0,84751720,16,1.0,Vitoria-Gasteiz,Distrito Zona rural suroeste," Santa Cruz Hiribidea, 4 , Distrito Zona rural suroeste , Vitoria-Gasteiz , Álava ","Santa Cruz Hiribidea, 4",Álava,280,87.0,2019-03-29,1400,0,4.0,0,0,0,False,True,False,False,False,False,False,False,False,True,False,False,False,False,False,False,False,False,False,False,False,False,False,False,False,False,False
Anuncio actualizado el 25 de marzo,0,0,1.0,0,0,1993.0,en trámite,planta 6ª exterior,0,0,84794934,15,1.0,Vitoria-Gasteiz,Distrito Coronación," Calle Coronacion de la Virgen Blanca, 1 , Distrito Coronación , Vitoria-Gasteiz , Álava ","Calle Coronacion de la Virgen Blanca, 1",Álava,95,87.0,2019-03-29,750,0,2.0,0,0,1,False,True,False,False,False,False,False,False,False,False,False,False,False,False,False,False,False,False,False,False,False,False,False,True,False,False,False
Anuncio actualizado el 25 de marzo,0,0,1.0,1,0,1993.0,,planta 7ª exterior,1,1,39918049,22,1.0,Vitoria-Gasteiz,Distrito Zabalgana - Ariznabarra," Gaztelako Atea, 114 , Distrito Zabalgana - Ariznabarra , Vitoria-Gasteiz , Álava ","Gaztelako Atea, 114",Álava,90,87.0,2019-03-29,774,1,1.0,1,0,1,False,True,False,False,False,False,False,False,False,False,False,False,False,False,False,False,False,False,True,False,False,False,False,False,False,False,False
Anuncio actualizado el 25 de marzo,0,0,1.0,1,0,1993.0,no indicado,planta 2ª exterior,0,0,84805989,15,1.0,Vitoria-Gasteiz,Distrito Casco Viejo," Calle Pintore, 30 , Distrito Casco Viejo , Vitoria-Gasteiz , Álava ","Calle Pintore, 30",Álava,84,65.0,2019-03-29,700,0,2.0,1,0,0,False,True,False,False,False,False,False,False,False,False,False,False,False,True,False,False,False,False,False,False,False,False,False,False,False,False,False
Anuncio actualizado el 27 de marzo,0,0,2.0,0,0,1993.0,no indicado,planta 4ª exterior,0,0,33436071,15,1.0,Vitoria-Gasteiz,Distrito Lovaina - Aranzabal," Calle cercas bajas, 11 , Distrito Lovaina - Aranzabal , Vitoria-Gasteiz , Álava ","Calle cercas bajas, 11",Álava,120,87.0,2019-03-29,1200,0,4.0,0,0,0,False,True,False,False,False,False,False,False,False,False,False,False,False,False,False,False,False,False,False,False,False,False,False,False,False,False,False
Anuncio actualizado el 27 de marzo,0,0,1.0,1,0,1993.0,en trámite,planta 2ª exterior,1,0,84835440,15,1.0,Vitoria-Gasteiz,Distrito Lovaina - Aranzabal," Cercas Bajas , Distrito Lovaina - Aranzabal , Vitoria-Gasteiz , Álava ",Cercas Bajas,Álava,75,70.0,2019-03-29,810,0,2.0,0,0,0,False,True,False,True,False,False,False,False,False,False,False,False,False,False,False,False,False,False,False,False,False,False,False,False,False,False,False
Anuncio actualizado el 28 de marzo,0,0,2.0,1,0,1993.0,en trámite,planta 7ª exterior,0,0,84849625,15,1.0,Vitoria-Gasteiz,Distrito Zabalgana - Ariznabarra," Avenida zabalgana , Distrito Zabalgana - Ariznabarra , Vitoria-Gasteiz , Álava ",Avenida zabalgana,Álava,95,90.0,2019-03-29,850,0,3.0,1,0,1,False,True,False,False,False,False,False,False,False,True,False,False,True,False,False,False,False,False,False,False,False,False,False,False,False,False,False
Anuncio actualizado el 29 de marzo,0,0,1.0,0,0,1993.0,en trámite,planta 3ª exterior,0,0,84851233,15,1.0,Vitoria-Gasteiz,Distrito Coronación," Calle Bruno Villarreal , Distrito Coronación , Vitoria-Gasteiz , Álava ",Calle Bruno Villarreal,Álava,87,76.0,2019-03-29,750,0,2.0,0,0,1,False,True,False,False,False,False,False,False,False,False,False,False,False,False,False,False,False,False,False,False,False,False,False,False,False,False,False
Anuncio actualizado el 29 de marzo,0,0,1.0,0,0,1993.0,en trámite,planta 8ª exterior,1,1,84852132,15,1.0,Vitoria-Gasteiz,Distrito San Martín," Calle Pintor Aurelio Verá-Fajardo , Distrito San Martín , Vitoria-Gasteiz , Álava ",Calle Pintor Aurelio Verá-Fajardo,Álava,51,87.0,2019-03-29,780,0,1.0,0,0,0,False,True,False,False,False,False,False,False,False,False,False,False,False,False,False,False,False,False,False,False,False,False,False,False,False,False,False
Anuncio actualizado el 29 de marzo,0,0,2.0,1,0,1993.0,,planta 5ª exterior,1,0,84855714,15,1.0,Vitoria-Gasteiz,Distrito Centro," Calle Independentzia, 1 , Distrito Centro , Vitoria-Gasteiz , Álava ","Calle Independentzia, 1",Álava,95,87.0,2019-03-29,1300,0,3.0,1,0,0,False,True,False,False,False,False,True,False,False,False,False,False,False,False,False,False,False,False,False,False,False,False,False,False,False,False,False
Anuncio actualizado el 28 de marzo,0,0,2.0,1,0,1993.0,no indicado,planta 3ª exterior,0,1,1942576,15,1.0,Vitoria-Gasteiz,Distrito San Martín," Avenida Gasteiz, 93 , Distrito San Martín , Vitoria-Gasteiz , Álava ","Avenida Gasteiz, 93",Álava,105,100.0,2019-03-29,925,0,3.0,0,0,0,False,True,False,False,False,False,False,False,False,False,False,False,False,False,False,False,False,False,False,False,False,False,False,False,False,False,False
